{"cameraMode":{"drawMode":0,"name":"Shaded","section":"Shading Mode"},"sceneLighting":true,"audioPlay":false,"sceneViewState":{"m_AlwaysRefresh":false,"showFog":true,"showSkybox":true,"showFlares":true,"showImageEffects":true,"showParticleSystems":true,"showVisualEffectGraphs":true,"m_FxEnabled":true},"in2DMode":false,"pivot":{"x":0.4347524642944336,"y":-0.25319528579711916,"z":5.436806678771973},"rotation":{"x":0.19221974909305573,"y":0.4012559950351715,"z":-0.08654233068227768,"w":0.8913757801055908},"size":7.028364658355713,"orthographic":false}