{"cameraMode":{"drawMode":0,"name":"Shaded","section":"Shading Mode"},"sceneLighting":true,"audioPlay":false,"sceneViewState":{"m_AlwaysRefresh":false,"showFog":true,"showSkybox":true,"showFlares":true,"showImageEffects":true,"showParticleSystems":true,"showVisualEffectGraphs":true,"m_FxEnabled":true},"in2DMode":false,"pivot":{"x":-5.418785572052002,"y":1.9360647201538087,"z":-1.1959400177001954},"rotation":{"x":0.3012964129447937,"y":0.11546502262353897,"z":-0.03678743913769722,"w":0.9458103775978088},"size":8.484211921691895,"orthographic":true}