{"cameraMode":{"drawMode":0,"name":"Shaded","section":"Shading Mode"},"sceneLighting":true,"audioPlay":false,"sceneViewState":{"m_AlwaysRefresh":false,"showFog":true,"showSkybox":true,"showFlares":true,"showImageEffects":true,"showParticleSystems":true,"showVisualEffectGraphs":true,"m_FxEnabled":true},"in2DMode":false,"pivot":{"x":0.2999263107776642,"y":2.69500470161438,"z":15.73344612121582},"rotation":{"x":0.06855874508619309,"y":-0.10573381185531616,"z":0.007313060574233532,"w":0.991997241973877},"size":0.028204837813973428,"orthographic":false}