{"cameraMode":{"drawMode":0,"name":"Shaded","section":"Shading Mode"},"sceneLighting":true,"audioPlay":false,"sceneViewState":{"m_AlwaysRefresh":false,"showFog":true,"showSkybox":true,"showFlares":true,"showImageEffects":true,"showParticleSystems":true,"showVisualEffectGraphs":true,"m_FxEnabled":true},"in2DMode":false,"pivot":{"x":0.2945976257324219,"y":0.5249924659729004,"z":-0.023016197606921197},"rotation":{"x":0.03838261216878891,"y":0.014972316101193428,"z":-0.000588530208915472,"w":0.9991582036018372},"size":8.092917442321778,"orthographic":true}