{"cameraMode":{"drawMode":0,"name":"Shaded","section":"Shading Mode"},"sceneLighting":true,"audioPlay":false,"sceneViewState":{"m_AlwaysRefresh":false,"showFog":true,"showSkybox":true,"showFlares":true,"showImageEffects":true,"showParticleSystems":true,"showVisualEffectGraphs":true,"m_FxEnabled":true},"in2DMode":false,"pivot":{"x":-28.05082893371582,"y":9.32483959197998,"z":28.124637603759767},"rotation":{"x":0.12416491657495499,"y":0.014882784336805344,"z":-0.0018624416552484036,"w":0.9921477437019348},"size":21.43738555908203,"orthographic":false}