{"cameraMode":{"drawMode":0,"name":"Shaded","section":"Shading Mode"},"sceneLighting":true,"audioPlay":false,"sceneViewState":{"m_AlwaysRefresh":false,"showFog":true,"showSkybox":true,"showFlares":true,"showImageEffects":true,"showParticleSystems":true,"showVisualEffectGraphs":true,"m_FxEnabled":true},"in2DMode":false,"pivot":{"x":9.773420333862305,"y":2.127420425415039,"z":-1.6338348388671876},"rotation":{"x":0.367581844329834,"y":0.020918486639857293,"z":-0.008283662609755993,"w":0.9297477006912231},"size":7.616819858551025,"orthographic":true}