{"cameraMode":{"drawMode":0,"name":"Shaded","section":"Shading Mode"},"sceneLighting":true,"audioPlay":false,"sceneViewState":{"m_AlwaysRefresh":false,"showFog":true,"showSkybox":true,"showFlares":true,"showImageEffects":true,"showParticleSystems":true,"showVisualEffectGraphs":true,"m_FxEnabled":true},"in2DMode":false,"pivot":{"x":16.612930297851564,"y":-6.849172592163086,"z":11.247184753417969},"rotation":{"x":-0.0823105201125145,"y":-0.048720866441726688,"z":0.004025209229439497,"w":-0.9954029321670532},"size":83.5380630493164,"orthographic":false}