{"cameraMode":{"drawMode":0,"name":"Shaded","section":"Shading Mode"},"sceneLighting":true,"audioPlay":false,"sceneViewState":{"m_AlwaysRefresh":false,"showFog":true,"showSkybox":true,"showFlares":true,"showImageEffects":true,"showParticleSystems":true,"showVisualEffectGraphs":true,"m_FxEnabled":true},"in2DMode":false,"pivot":{"x":0.2945976257324219,"y":0.5249924659729004,"z":-0.023016197606921197},"rotation":{"x":0.17645348608493806,"y":0.34868165850639346,"z":-0.06703455746173859,"w":0.9180405139923096},"size":10.287674903869629,"orthographic":true}