{"cameraMode":{"drawMode":0,"name":"Shaded","section":"Shading Mode"},"sceneLighting":true,"audioPlay":false,"sceneViewState":{"m_AlwaysRefresh":false,"showFog":true,"showSkybox":true,"showFlares":true,"showImageEffects":true,"showParticleSystems":true,"showVisualEffectGraphs":true,"m_FxEnabled":true},"in2DMode":false,"pivot":{"x":0.2945976257324219,"y":0.5249924659729004,"z":-0.023016197606921197},"rotation":{"x":0.11583276838064194,"y":0.07143405079841614,"z":-0.008365532383322716,"w":0.9906691908836365},"size":8.092917442321778,"orthographic":true}